#####################################################
/ 200 "https://blog.pseudot.org/" 
/posts/are-you-the-lead-in-your-story/are-you-the-lead-in-your-story.html 200 "https://blog.pseudot.org/" 
/posts/botosani/botosani.html 200 "https://blog.pseudot.org/" 
/posts/exerci%C8%9Biu-de-scriere-0/exerci%C8%9Biu-de-scriere-0.html 200 "https://blog.pseudot.org/" 
/posts/ho-iniziato-a-imparare-litaliano/ho-iniziato-a-imparare-litaliano.html 200 "https://blog.pseudot.org/" 
/posts/pseudopost-1/pseudopost-1.html 200 "https://blog.pseudot.org/" 
/posts/pseudopost-2/pseudopost-2.html 200 "https://blog.pseudot.org/" 
/posts/pseudopost-3/pseudopost-3.html 200 "https://blog.pseudot.org/" 
/posts/pseudopost-4/pseudopost-4.html 200 "https://blog.pseudot.org/" 
/posts/pseudopost-5/pseudopost-5.html 200 "https://blog.pseudot.org/" 
/posts/pseudopost-6/pseudopost-6.html 200 "https://blog.pseudot.org/" 
/posts/pseudopost-7/pseudopost-7.html 200 "https://blog.pseudot.org/" 
/posts/pseudopost-8/pseudopost-8.html 200 "https://blog.pseudot.org/" 
/posts/rebonjour/rebonjour.html 200 "https://blog.pseudot.org/" 
/posts/vaslui/vaslui.html 200 "https://blog.pseudot.org/" 
/style.css 200 "https://blog.pseudot.org/" 
#####################################################
#####################################################
/posts/are-you-the-lead-in-your-story/images/photo1.jpg 200 "https://blog.pseudot.org/posts/are-you-the-lead-in-your-story/are-you-the-lead-in-your-story.html" 
/posts/are-you-the-lead-in-your-story/images/photo2.jpg 200 "https://blog.pseudot.org/posts/are-you-the-lead-in-your-story/are-you-the-lead-in-your-story.html" 
/posts/are-you-the-lead-in-your-story/images/photo3.png 200 "https://blog.pseudot.org/posts/are-you-the-lead-in-your-story/are-you-the-lead-in-your-story.html" 
#####################################################
#####################################################
/posts/botosani/posts%20materials/botosani/coltcool.jpg 200 "https://blog.pseudot.org/posts/botosani/botosani.html" 
/posts/botosani/posts%20materials/botosani/coolhouses.jpg 200 "https://blog.pseudot.org/posts/botosani/botosani.html" 
/posts/botosani/posts%20materials/botosani/domnul%20eminescu.jpg 200 "https://blog.pseudot.org/posts/botosani/botosani.html" 
/posts/botosani/posts%20materials/botosani/grandcec.jpg 200 "https://blog.pseudot.org/posts/botosani/botosani.html" 
/posts/botosani/posts%20materials/botosani/grandcommunist.jpg 200 "https://blog.pseudot.org/posts/botosani/botosani.html" 
/posts/botosani/posts%20materials/botosani/grandmaison.jpg 200 "https://blog.pseudot.org/posts/botosani/botosani.html" 
/posts/botosani/posts%20materials/botosani/hermes.jpg 200 "https://blog.pseudot.org/posts/botosani/botosani.html" 
/posts/botosani/posts%20materials/botosani/ipotesti.jpg 200 "https://blog.pseudot.org/posts/botosani/botosani.html" 
/posts/botosani/posts%20materials/botosani/lagrandplace.jpg 200 "https://blog.pseudot.org/posts/botosani/botosani.html" 
/posts/botosani/posts%20materials/botosani/museum.jpg 200 "https://blog.pseudot.org/posts/botosani/botosani.html" 
/posts/botosani/posts%20materials/botosani/primarie.jpg 200 "https://blog.pseudot.org/posts/botosani/botosani.html" 
/posts/botosani/posts%20materials/botosani/start.jpg 200 "https://blog.pseudot.org/posts/botosani/botosani.html" 
/posts/botosani/posts%20materials/botosani/vasescu.jpg 200 "https://blog.pseudot.org/posts/botosani/botosani.html" 
/posts/botosani/posts%20materials/botosani/vieuxcote.jpg 200 "https://blog.pseudot.org/posts/botosani/botosani.html" 
/posts/botosani/style.css 200 "https://blog.pseudot.org/posts/botosani/botosani.html" 
#####################################################
#####################################################
/posts/pseudopost-1/images/mouse.gif 200 "https://blog.pseudot.org/posts/pseudopost-1/pseudopost-1.html" 
/posts/pseudopost-1/images/panther.gif 200 "https://blog.pseudot.org/posts/pseudopost-1/pseudopost-1.html" 
/posts/pseudopost-1/images/tweety.gif 200 "https://blog.pseudot.org/posts/pseudopost-1/pseudopost-1.html" 
#####################################################
#####################################################
/posts/pseudopost-2/images/iasi.jpg 200 "https://blog.pseudot.org/posts/pseudopost-2/pseudopost-2.html" 
/posts/pseudopost-2/images/leda.jpg 200 "https://blog.pseudot.org/posts/pseudopost-2/pseudopost-2.html" 
/posts/pseudopost-2/images/music.gif 200 "https://blog.pseudot.org/posts/pseudopost-2/pseudopost-2.html" 
/posts/pseudopost-2/images/ro.gif 200 "https://blog.pseudot.org/posts/pseudopost-2/pseudopost-2.html" 
#####################################################
#####################################################
/posts/pseudopost-3/images/music.gif 200 "https://blog.pseudot.org/posts/pseudopost-3/pseudopost-3.html" 
#####################################################
#####################################################
/posts/pseudopost-4/images/music.gif 200 "https://blog.pseudot.org/posts/pseudopost-4/pseudopost-4.html" 
#####################################################
#####################################################
/posts/pseudopost-5/images/bataille.jpg 200 "https://blog.pseudot.org/posts/pseudopost-5/pseudopost-5.html" 
/posts/pseudopost-5/images/music.gif 200 "https://blog.pseudot.org/posts/pseudopost-5/pseudopost-5.html" 
/posts/pseudopost-5/images/skhoala.jpeg 200 "https://blog.pseudot.org/posts/pseudopost-5/pseudopost-5.html" 
/posts/pseudopost-5/images/sus2.jpeg 200 "https://blog.pseudot.org/posts/pseudopost-5/pseudopost-5.html" 
/posts/pseudopost-5/images/sus.jpg 200 "https://blog.pseudot.org/posts/pseudopost-5/pseudopost-5.html" 
#####################################################
#####################################################
/posts/pseudopost-6/images/perna.jpeg 200 "https://blog.pseudot.org/posts/pseudopost-6/pseudopost-6.html" 
#####################################################
#####################################################
/posts/pseudopost-7/images/music.gif 200 "https://blog.pseudot.org/posts/pseudopost-7/pseudopost-7.html" 
/posts/pseudopost-7/images/parigi.jpeg 200 "https://blog.pseudot.org/posts/pseudopost-7/pseudopost-7.html" 
#####################################################
#####################################################
/posts/pseudopost-8/images/1euro.jpeg 200 "https://blog.pseudot.org/posts/pseudopost-8/pseudopost-8.html" 
/posts/pseudopost-8/images/afis.jpeg 200 "https://blog.pseudot.org/posts/pseudopost-8/pseudopost-8.html" 
/posts/pseudopost-8/images/bigben.jpeg 200 "https://blog.pseudot.org/posts/pseudopost-8/pseudopost-8.html" 
/posts/pseudopost-8/images/chinezesc.jpeg 200 "https://blog.pseudot.org/posts/pseudopost-8/pseudopost-8.html" 
/posts/pseudopost-8/images/coloane.jpeg 200 "https://blog.pseudot.org/posts/pseudopost-8/pseudopost-8.html" 
/posts/pseudopost-8/images/luton.jpeg 200 "https://blog.pseudot.org/posts/pseudopost-8/pseudopost-8.html" 
/posts/pseudopost-8/images/metro.jpeg 200 "https://blog.pseudot.org/posts/pseudopost-8/pseudopost-8.html" 
/posts/pseudopost-8/images/min.jpeg 200 "https://blog.pseudot.org/posts/pseudopost-8/pseudopost-8.html" 
/posts/pseudopost-8/images/music.gif 200 "https://blog.pseudot.org/posts/pseudopost-8/pseudopost-8.html" 
/posts/pseudopost-8/images/nice.jpeg 200 "https://blog.pseudot.org/posts/pseudopost-8/pseudopost-8.html" 
/posts/pseudopost-8/images/prop1.jpeg 200 "https://blog.pseudot.org/posts/pseudopost-8/pseudopost-8.html" 
/posts/pseudopost-8/images/statue.jpeg 200 "https://blog.pseudot.org/posts/pseudopost-8/pseudopost-8.html" 
/posts/pseudopost-8/images/trafalgar.jpeg 200 "https://blog.pseudot.org/posts/pseudopost-8/pseudopost-8.html" 
#####################################################
#####################################################
/posts/vaslui/posts%20materials/administrativa.jpg 200 "https://blog.pseudot.org/posts/vaslui/vaslui.html" 
/posts/vaslui/posts%20materials/copacicopou.jpg 200 "https://blog.pseudot.org/posts/vaslui/vaslui.html" 
/posts/vaslui/posts%20materials/fwtyfresh.jpg 200 "https://blog.pseudot.org/posts/vaslui/vaslui.html" 
/posts/vaslui/posts%20materials/meme1.jpg 200 "https://blog.pseudot.org/posts/vaslui/vaslui.html" 
/posts/vaslui/posts%20materials/meme2.jpg 200 "https://blog.pseudot.org/posts/vaslui/vaslui.html" 
/posts/vaslui/posts%20materials/nostalgiamagazine.jpg 200 "https://blog.pseudot.org/posts/vaslui/vaslui.html" 
/posts/vaslui/posts%20materials/palatcopii.jpg 200 "https://blog.pseudot.org/posts/vaslui/vaslui.html" 
/posts/vaslui/posts%20materials/redactie.jpg 200 "https://blog.pseudot.org/posts/vaslui/vaslui.html" 
/posts/vaslui/posts%20materials/starc.jpg 200 "https://blog.pseudot.org/posts/vaslui/vaslui.html" 
/posts/vaslui/posts%20materials/tdv.jpg 200 "https://blog.pseudot.org/posts/vaslui/vaslui.html" 
/posts/vaslui/posts%20materials/vederecringe.jpg 200 "https://blog.pseudot.org/posts/vaslui/vaslui.html" 
/posts/vaslui/posts%20materials/vedereetien.jpg 200 "https://blog.pseudot.org/posts/vaslui/vaslui.html" 
/posts/vaslui/style.css 200 "https://blog.pseudot.org/posts/vaslui/vaslui.html" 
#####################################################
#####################################################
/ 200 "https://books.pseudot.org/" 
/posts/De%20grandes%20esperances/grandesperances.html 200 "https://books.pseudot.org/" 
/posts/moby-dick-herman-melville/moby-dick-herman-melville.html 200 "https://books.pseudot.org/" 
/style.css 200 "https://books.pseudot.org/" 
#####################################################
#####################################################
/posts/De%20grandes%20esperances/posts%20materials/cover.jpg 200 "https://books.pseudot.org/posts/De%20grandes%20esperances/grandesperances.html" 
/posts/De%20grandes%20esperances/style.css 200 "https://books.pseudot.org/posts/De%20grandes%20esperances/grandesperances.html" 
#####################################################
#####################################################
/posts/moby-dick-herman-melville/images/daria.png 200 "https://books.pseudot.org/posts/moby-dick-herman-melville/moby-dick-herman-melville.html" 
#####################################################
#####################################################
/ 200 "https://drawing.pseudot.org/" 
/images/favicon.ico 200 "https://drawing.pseudot.org/" 
/scripts/zooming.min.js 200 "https://drawing.pseudot.org/" 
/style.css 200 "https://drawing.pseudot.org/" 
#####################################################
#####################################################
/ 200 "https://memes.pseudot.org/" 
/scripts/zooming.min.js 200 "https://memes.pseudot.org/" 
/style.css 200 "https://memes.pseudot.org/" 
#####################################################
#####################################################
/ 200 "https://music.pseudot.org/" 
/style.css 200 "https://music.pseudot.org/" 
#####################################################
#####################################################
/ 200 "https://photos.pseudot.org/" 
/images/abandonata.jpg 200 "https://photos.pseudot.org/" 
/images/blexer.jpg 200 "https://photos.pseudot.org/" 
/images/flatterre.jpg 200 "https://photos.pseudot.org/" 
/images/IMG_9355.JPG 200 "https://photos.pseudot.org/" 
/images/mareamoldovei.jpg 200 "https://photos.pseudot.org/" 
/images/pacu.jpg 200 "https://photos.pseudot.org/" 
/images/patrie.jpg 200 "https://photos.pseudot.org/" 
/images/sotm.jpg 200 "https://photos.pseudot.org/" 
/images/store.jpg 200 "https://photos.pseudot.org/" 
/scripts/zooming.min.js 200 "https://photos.pseudot.org/" 
/style.css 200 "https://photos.pseudot.org/" 
#####################################################
#####################################################
/ 200 "https://programming.pseudot.org/" 
/posts/how-does-a-markdown-compiler-work-coming-out-soon/how-does-a-markdown-compiler-work-coming-out-soon.html 200 "https://programming.pseudot.org/" 
/posts/inmultire-de-matrici-folosind-map-reduce/inmultire-de-matrici-folosind-map-reduce.html 200 "https://programming.pseudot.org/" 
/posts/music-logging-using-mpc/music-logging-using-mpc.html 200 "https://programming.pseudot.org/" 
/style.css 200 "https://programming.pseudot.org/" 
#####################################################
#####################################################
/posts/inmultire-de-matrici-folosind-map-reduce/MatrixMulPy/matrix_mul_output.png 200 "https://programming.pseudot.org/posts/inmultire-de-matrici-folosind-map-reduce/inmultire-de-matrici-folosind-map-reduce.html" 
#####################################################
#####################################################
/CSS/style.css 200 "https://pseudot.org/" 
/IMAGES/2019.gif 200 "https://pseudot.org/" 
/IMAGES/firefox3.gif 200 "https://pseudot.org/" 
/IMAGES/gnubanner.gif 200 "https://pseudot.org/" 
/IMAGES/nokia64.gif 200 "https://pseudot.org/" 
/IMAGES/pepsi.gif 200 "https://pseudot.org/" 
/IMAGES/vi.gif 200 "https://pseudot.org/" 
#####################################################
#####################################################
/ 200 "https://uc.pseudot.org/" 
/favicon/favicon.ico 200 "https://uc.pseudot.org/" 
/posts/another-daria-thing/another-daria-thing.html 200 "https://uc.pseudot.org/" 
/posts/History-of-classical-music/History-of-classical-music.html 200 "https://uc.pseudot.org/" 
/posts/the-history-of-classical-music-revised/the-history-of-classical-music-revised.html 200 "https://uc.pseudot.org/" 
/posts/when-does-a-passion-become-obsession/when-does-a-passion-become-obsession.html 404 "https://uc.pseudot.org/" 
/style.css 200 "https://uc.pseudot.org/" 
#####################################################
