/
-
/CSS/style.css
https://pseudot.org/
/favicon/favicon.ico
https://uc.pseudot.org/
/
https://blog.pseudot.org/
/
https://books.pseudot.org/
/
https://drawing.pseudot.org/
/
https://memes.pseudot.org/
/
https://music.pseudot.org/
/
https://photos.pseudot.org/
/
https://programming.pseudot.org/
/
https://uc.pseudot.org/
/IMAGES/2019.gif
https://pseudot.org/
/images/abandonata.jpg
https://photos.pseudot.org/
/images/blexer.jpg
https://photos.pseudot.org/
/images/favicon.ico
https://drawing.pseudot.org/
/IMAGES/firefox3.gif
https://pseudot.org/
/images/flatterre.jpg
https://photos.pseudot.org/
/IMAGES/gnubanner.gif
https://pseudot.org/
/images/IMG_9355.JPG
https://photos.pseudot.org/
/images/mareamoldovei.jpg
https://photos.pseudot.org/
/IMAGES/nokia64.gif
https://pseudot.org/
/images/pacu.jpg
https://photos.pseudot.org/
/images/patrie.jpg
https://photos.pseudot.org/
/IMAGES/pepsi.gif
https://pseudot.org/
/images/sotm.jpg
https://photos.pseudot.org/
/images/store.jpg
https://photos.pseudot.org/
/IMAGES/vi.gif
https://pseudot.org/
/posts/another-daria-thing/another-daria-thing.html
https://uc.pseudot.org/
/posts/are-you-the-lead-in-your-story/are-you-the-lead-in-your-story.html
https://blog.pseudot.org/
/posts/are-you-the-lead-in-your-story/images/photo1.jpg
https://blog.pseudot.org/posts/are-you-the-lead-in-your-story/are-you-the-lead-in-your-story.html
/posts/are-you-the-lead-in-your-story/images/photo2.jpg
https://blog.pseudot.org/posts/are-you-the-lead-in-your-story/are-you-the-lead-in-your-story.html
/posts/are-you-the-lead-in-your-story/images/photo3.png
https://blog.pseudot.org/posts/are-you-the-lead-in-your-story/are-you-the-lead-in-your-story.html
/posts/botosani/botosani.html
https://blog.pseudot.org/
/posts/botosani/posts%20materials/botosani/coltcool.jpg
https://blog.pseudot.org/posts/botosani/botosani.html
/posts/botosani/posts%20materials/botosani/coolhouses.jpg
https://blog.pseudot.org/posts/botosani/botosani.html
/posts/botosani/posts%20materials/botosani/domnul%20eminescu.jpg
https://blog.pseudot.org/posts/botosani/botosani.html
/posts/botosani/posts%20materials/botosani/grandcec.jpg
https://blog.pseudot.org/posts/botosani/botosani.html
/posts/botosani/posts%20materials/botosani/grandcommunist.jpg
https://blog.pseudot.org/posts/botosani/botosani.html
/posts/botosani/posts%20materials/botosani/grandmaison.jpg
https://blog.pseudot.org/posts/botosani/botosani.html
/posts/botosani/posts%20materials/botosani/hermes.jpg
https://blog.pseudot.org/posts/botosani/botosani.html
/posts/botosani/posts%20materials/botosani/ipotesti.jpg
https://blog.pseudot.org/posts/botosani/botosani.html
/posts/botosani/posts%20materials/botosani/lagrandplace.jpg
https://blog.pseudot.org/posts/botosani/botosani.html
/posts/botosani/posts%20materials/botosani/museum.jpg
https://blog.pseudot.org/posts/botosani/botosani.html
/posts/botosani/posts%20materials/botosani/primarie.jpg
https://blog.pseudot.org/posts/botosani/botosani.html
/posts/botosani/posts%20materials/botosani/start.jpg
https://blog.pseudot.org/posts/botosani/botosani.html
/posts/botosani/posts%20materials/botosani/vasescu.jpg
https://blog.pseudot.org/posts/botosani/botosani.html
/posts/botosani/posts%20materials/botosani/vieuxcote.jpg
https://blog.pseudot.org/posts/botosani/botosani.html
/posts/botosani/style.css
https://blog.pseudot.org/posts/botosani/botosani.html
/posts/De%20grandes%20esperances/grandesperances.html
https://books.pseudot.org/
/posts/De%20grandes%20esperances/posts%20materials/cover.jpg
https://books.pseudot.org/posts/De%20grandes%20esperances/grandesperances.html
/posts/De%20grandes%20esperances/style.css
https://books.pseudot.org/posts/De%20grandes%20esperances/grandesperances.html
/posts/exerci%C8%9Biu-de-scriere-0/exerci%C8%9Biu-de-scriere-0.html
https://blog.pseudot.org/
/posts/History-of-classical-music/History-of-classical-music.html
https://uc.pseudot.org/
/posts/ho-iniziato-a-imparare-litaliano/ho-iniziato-a-imparare-litaliano.html
https://blog.pseudot.org/
/posts/how-does-a-markdown-compiler-work-coming-out-soon/how-does-a-markdown-compiler-work-coming-out-soon.html
https://programming.pseudot.org/
/posts/inmultire-de-matrici-folosind-map-reduce/inmultire-de-matrici-folosind-map-reduce.html
https://programming.pseudot.org/
/posts/inmultire-de-matrici-folosind-map-reduce/MatrixMulPy/matrix_mul_output.png
https://programming.pseudot.org/posts/inmultire-de-matrici-folosind-map-reduce/inmultire-de-matrici-folosind-map-reduce.html
/posts/moby-dick-herman-melville/images/daria.png
https://books.pseudot.org/posts/moby-dick-herman-melville/moby-dick-herman-melville.html
/posts/moby-dick-herman-melville/moby-dick-herman-melville.html
https://books.pseudot.org/
/posts/music-logging-using-mpc/music-logging-using-mpc.html
https://programming.pseudot.org/
/posts/pseudopost-1/images/mouse.gif
https://blog.pseudot.org/posts/pseudopost-1/pseudopost-1.html
/posts/pseudopost-1/images/panther.gif
https://blog.pseudot.org/posts/pseudopost-1/pseudopost-1.html
/posts/pseudopost-1/images/tweety.gif
https://blog.pseudot.org/posts/pseudopost-1/pseudopost-1.html
/posts/pseudopost-1/pseudopost-1.html
https://blog.pseudot.org/
/posts/pseudopost-2/images/iasi.jpg
https://blog.pseudot.org/posts/pseudopost-2/pseudopost-2.html
/posts/pseudopost-2/images/leda.jpg
https://blog.pseudot.org/posts/pseudopost-2/pseudopost-2.html
/posts/pseudopost-2/images/music.gif
https://blog.pseudot.org/posts/pseudopost-2/pseudopost-2.html
/posts/pseudopost-2/images/ro.gif
https://blog.pseudot.org/posts/pseudopost-2/pseudopost-2.html
/posts/pseudopost-2/pseudopost-2.html
https://blog.pseudot.org/
/posts/pseudopost-3/images/music.gif
https://blog.pseudot.org/posts/pseudopost-3/pseudopost-3.html
/posts/pseudopost-3/pseudopost-3.html
https://blog.pseudot.org/
/posts/pseudopost-4/images/music.gif
https://blog.pseudot.org/posts/pseudopost-4/pseudopost-4.html
/posts/pseudopost-4/pseudopost-4.html
https://blog.pseudot.org/
/posts/pseudopost-5/images/bataille.jpg
https://blog.pseudot.org/posts/pseudopost-5/pseudopost-5.html
/posts/pseudopost-5/images/music.gif
https://blog.pseudot.org/posts/pseudopost-5/pseudopost-5.html
/posts/pseudopost-5/images/skhoala.jpeg
https://blog.pseudot.org/posts/pseudopost-5/pseudopost-5.html
/posts/pseudopost-5/images/sus2.jpeg
https://blog.pseudot.org/posts/pseudopost-5/pseudopost-5.html
/posts/pseudopost-5/images/sus.jpg
https://blog.pseudot.org/posts/pseudopost-5/pseudopost-5.html
/posts/pseudopost-5/pseudopost-5.html
https://blog.pseudot.org/
/posts/pseudopost-6/images/perna.jpeg
https://blog.pseudot.org/posts/pseudopost-6/pseudopost-6.html
/posts/pseudopost-6/pseudopost-6.html
https://blog.pseudot.org/
/posts/pseudopost-7/images/music.gif
https://blog.pseudot.org/posts/pseudopost-7/pseudopost-7.html
/posts/pseudopost-7/images/parigi.jpeg
https://blog.pseudot.org/posts/pseudopost-7/pseudopost-7.html
/posts/pseudopost-7/pseudopost-7.html
https://blog.pseudot.org/
/posts/pseudopost-8/images/1euro.jpeg
https://blog.pseudot.org/posts/pseudopost-8/pseudopost-8.html
/posts/pseudopost-8/images/afis.jpeg
https://blog.pseudot.org/posts/pseudopost-8/pseudopost-8.html
/posts/pseudopost-8/images/bigben.jpeg
https://blog.pseudot.org/posts/pseudopost-8/pseudopost-8.html
/posts/pseudopost-8/images/chinezesc.jpeg
https://blog.pseudot.org/posts/pseudopost-8/pseudopost-8.html
/posts/pseudopost-8/images/coloane.jpeg
https://blog.pseudot.org/posts/pseudopost-8/pseudopost-8.html
/posts/pseudopost-8/images/luton.jpeg
https://blog.pseudot.org/posts/pseudopost-8/pseudopost-8.html
/posts/pseudopost-8/images/metro.jpeg
https://blog.pseudot.org/posts/pseudopost-8/pseudopost-8.html
/posts/pseudopost-8/images/min.jpeg
https://blog.pseudot.org/posts/pseudopost-8/pseudopost-8.html
/posts/pseudopost-8/images/music.gif
https://blog.pseudot.org/posts/pseudopost-8/pseudopost-8.html
/posts/pseudopost-8/images/nice.jpeg
https://blog.pseudot.org/posts/pseudopost-8/pseudopost-8.html
/posts/pseudopost-8/images/prop1.jpeg
https://blog.pseudot.org/posts/pseudopost-8/pseudopost-8.html
/posts/pseudopost-8/images/statue.jpeg
https://blog.pseudot.org/posts/pseudopost-8/pseudopost-8.html
/posts/pseudopost-8/images/trafalgar.jpeg
https://blog.pseudot.org/posts/pseudopost-8/pseudopost-8.html
/posts/pseudopost-8/pseudopost-8.html
https://blog.pseudot.org/
/posts/rebonjour/rebonjour.html
https://blog.pseudot.org/
/posts/the-history-of-classical-music-revised/the-history-of-classical-music-revised.html
https://uc.pseudot.org/
/posts/vaslui/posts%20materials/administrativa.jpg
https://blog.pseudot.org/posts/vaslui/vaslui.html
/posts/vaslui/posts%20materials/copacicopou.jpg
https://blog.pseudot.org/posts/vaslui/vaslui.html
/posts/vaslui/posts%20materials/fwtyfresh.jpg
https://blog.pseudot.org/posts/vaslui/vaslui.html
/posts/vaslui/posts%20materials/meme1.jpg
https://blog.pseudot.org/posts/vaslui/vaslui.html
/posts/vaslui/posts%20materials/meme2.jpg
https://blog.pseudot.org/posts/vaslui/vaslui.html
/posts/vaslui/posts%20materials/nostalgiamagazine.jpg
https://blog.pseudot.org/posts/vaslui/vaslui.html
/posts/vaslui/posts%20materials/palatcopii.jpg
https://blog.pseudot.org/posts/vaslui/vaslui.html
/posts/vaslui/posts%20materials/redactie.jpg
https://blog.pseudot.org/posts/vaslui/vaslui.html
/posts/vaslui/posts%20materials/starc.jpg
https://blog.pseudot.org/posts/vaslui/vaslui.html
/posts/vaslui/posts%20materials/tdv.jpg
https://blog.pseudot.org/posts/vaslui/vaslui.html
/posts/vaslui/posts%20materials/vederecringe.jpg
https://blog.pseudot.org/posts/vaslui/vaslui.html
/posts/vaslui/posts%20materials/vedereetien.jpg
https://blog.pseudot.org/posts/vaslui/vaslui.html
/posts/vaslui/style.css
https://blog.pseudot.org/posts/vaslui/vaslui.html
/posts/vaslui/vaslui.html
https://blog.pseudot.org/
/scripts/zooming.min.js
https://drawing.pseudot.org/
/scripts/zooming.min.js
https://memes.pseudot.org/
/scripts/zooming.min.js
https://photos.pseudot.org/
/style.css
https://blog.pseudot.org/
/style.css
https://books.pseudot.org/
/style.css
https://drawing.pseudot.org/
/style.css
https://memes.pseudot.org/
/style.css
https://music.pseudot.org/
/style.css
https://photos.pseudot.org/
/style.css
https://programming.pseudot.org/
/style.css
https://uc.pseudot.org/
