{
    "children": [
        {
            "children": [
                {
                    "name": "/posts/another-daria-thing/another-daria-thing.html"
                },
                {
                    "name": "/posts/History-of-classical-music/History-of-classical-music.html"
                },
                {
                    "name": "/posts/the-history-of-classical-music-revised/the-history-of-classical-music-revised.html"
                },
                {
                    "name": "/posts/when-does-a-passion-become-obsession/when-does-a-passion-become-obsession.html"
                }
            ],
            "name": "https://uc.pseudot.org/"
        },
        {
            "children": [
                {
                    "name": "/posts/are-you-the-lead-in-your-story/are-you-the-lead-in-your-story.html"
                },
                {
                    "name": "/posts/botosani/botosani.html"
                },
                {
                    "name": "/posts/exerci%C8%9Biu-de-scriere-0/exerci%C8%9Biu-de-scriere-0.html"
                },
                {
                    "name": "/posts/ho-iniziato-a-imparare-litaliano/ho-iniziato-a-imparare-litaliano.html"
                },
                {
                    "name": "/posts/pseudopost-1/pseudopost-1.html"
                },
                {
                    "name": "/posts/pseudopost-2/pseudopost-2.html"
                },
                {
                    "name": "/posts/pseudopost-3/pseudopost-3.html"
                },
                {
                    "name": "/posts/pseudopost-4/pseudopost-4.html"
                },
                {
                    "name": "/posts/pseudopost-5/pseudopost-5.html"
                },
                {
                    "name": "/posts/pseudopost-6/pseudopost-6.html"
                },
                {
                    "name": "/posts/pseudopost-7/pseudopost-7.html"
                },
                {
                    "name": "/posts/pseudopost-8/pseudopost-8.html"
                },
                {
                    "name": "/posts/rebonjour/rebonjour.html"
                },
                {
                    "name": "/posts/vaslui/vaslui.html"
                }
            ],
            "name": "https://blog.pseudot.org/"
        },
        {
            "children": [
                {
                    "name": "/posts/are-you-the-lead-in-your-story/images/photo1.jpg"
                },
                {
                    "name": "/posts/are-you-the-lead-in-your-story/images/photo2.jpg"
                },
                {
                    "name": "/posts/are-you-the-lead-in-your-story/images/photo3.png"
                }
            ],
            "name": "https://blog.pseudot.org/posts/are-you-the-lead-in-your-story/are-you-the-lead-in-your-story.html"
        },
        {
            "children": [
                {
                    "name": "/posts/botosani/posts%20materials/botosani/coltcool.jpg"
                },
                {
                    "name": "/posts/botosani/posts%20materials/botosani/coolhouses.jpg"
                },
                {
                    "name": "/posts/botosani/posts%20materials/botosani/domnul%20eminescu.jpg"
                },
                {
                    "name": "/posts/botosani/posts%20materials/botosani/grandcec.jpg"
                },
                {
                    "name": "/posts/botosani/posts%20materials/botosani/grandcommunist.jpg"
                },
                {
                    "name": "/posts/botosani/posts%20materials/botosani/grandmaison.jpg"
                },
                {
                    "name": "/posts/botosani/posts%20materials/botosani/hermes.jpg"
                },
                {
                    "name": "/posts/botosani/posts%20materials/botosani/ipotesti.jpg"
                },
                {
                    "name": "/posts/botosani/posts%20materials/botosani/lagrandplace.jpg"
                },
                {
                    "name": "/posts/botosani/posts%20materials/botosani/museum.jpg"
                },
                {
                    "name": "/posts/botosani/posts%20materials/botosani/primarie.jpg"
                },
                {
                    "name": "/posts/botosani/posts%20materials/botosani/start.jpg"
                },
                {
                    "name": "/posts/botosani/posts%20materials/botosani/vasescu.jpg"
                },
                {
                    "name": "/posts/botosani/posts%20materials/botosani/vieuxcote.jpg"
                },
                {
                    "name": "/posts/botosani/style.css"
                }
            ],
            "name": "https://blog.pseudot.org/posts/botosani/botosani.html"
        },
        {
            "children": [
                {
                    "name": "/posts/De%20grandes%20esperances/grandesperances.html"
                },
                {
                    "name": "/posts/moby-dick-herman-melville/moby-dick-herman-melville.html"
                }
            ],
            "name": "https://books.pseudot.org/"
        },
        {
            "children": [
                {
                    "name": "/posts/De%20grandes%20esperances/posts%20materials/cover.jpg"
                },
                {
                    "name": "/posts/De%20grandes%20esperances/style.css"
                }
            ],
            "name": "https://books.pseudot.org/posts/De%20grandes%20esperances/grandesperances.html"
        },
        {
            "children": [
                {
                    "name": "/posts/how-does-a-markdown-compiler-work-coming-out-soon/how-does-a-markdown-compiler-work-coming-out-soon.html"
                },
                {
                    "name": "/posts/inmultire-de-matrici-folosind-map-reduce/inmultire-de-matrici-folosind-map-reduce.html"
                },
                {
                    "name": "/posts/music-logging-using-mpc/music-logging-using-mpc.html"
                }
            ],
            "name": "https://programming.pseudot.org/"
        },
        {
            "children": [
                {
                    "name": "/posts/inmultire-de-matrici-folosind-map-reduce/MatrixMulPy/matrix_mul_output.png"
                }
            ],
            "name": "https://programming.pseudot.org/posts/inmultire-de-matrici-folosind-map-reduce/inmultire-de-matrici-folosind-map-reduce.html"
        },
        {
            "children": [
                {
                    "name": "/posts/moby-dick-herman-melville/images/daria.png"
                }
            ],
            "name": "https://books.pseudot.org/posts/moby-dick-herman-melville/moby-dick-herman-melville.html"
        },
        {
            "children": [
                {
                    "name": "/posts/pseudopost-1/images/mouse.gif"
                },
                {
                    "name": "/posts/pseudopost-1/images/panther.gif"
                },
                {
                    "name": "/posts/pseudopost-1/images/tweety.gif"
                }
            ],
            "name": "https://blog.pseudot.org/posts/pseudopost-1/pseudopost-1.html"
        },
        {
            "children": [
                {
                    "name": "/posts/pseudopost-2/images/iasi.jpg"
                },
                {
                    "name": "/posts/pseudopost-2/images/leda.jpg"
                },
                {
                    "name": "/posts/pseudopost-2/images/music.gif"
                },
                {
                    "name": "/posts/pseudopost-2/images/ro.gif"
                }
            ],
            "name": "https://blog.pseudot.org/posts/pseudopost-2/pseudopost-2.html"
        },
        {
            "children": [
                {
                    "name": "/posts/pseudopost-3/images/music.gif"
                }
            ],
            "name": "https://blog.pseudot.org/posts/pseudopost-3/pseudopost-3.html"
        },
        {
            "children": [
                {
                    "name": "/posts/pseudopost-4/images/music.gif"
                }
            ],
            "name": "https://blog.pseudot.org/posts/pseudopost-4/pseudopost-4.html"
        },
        {
            "children": [
                {
                    "name": "/posts/pseudopost-5/images/bataille.jpg"
                },
                {
                    "name": "/posts/pseudopost-5/images/music.gif"
                },
                {
                    "name": "/posts/pseudopost-5/images/skhoala.jpeg"
                },
                {
                    "name": "/posts/pseudopost-5/images/sus2.jpeg"
                },
                {
                    "name": "/posts/pseudopost-5/images/sus.jpg"
                }
            ],
            "name": "https://blog.pseudot.org/posts/pseudopost-5/pseudopost-5.html"
        },
        {
            "children": [
                {
                    "name": "/posts/pseudopost-6/images/perna.jpeg"
                }
            ],
            "name": "https://blog.pseudot.org/posts/pseudopost-6/pseudopost-6.html"
        },
        {
            "children": [
                {
                    "name": "/posts/pseudopost-7/images/music.gif"
                },
                {
                    "name": "/posts/pseudopost-7/images/parigi.jpeg"
                }
            ],
            "name": "https://blog.pseudot.org/posts/pseudopost-7/pseudopost-7.html"
        },
        {
            "children": [
                {
                    "name": "/posts/pseudopost-8/images/1euro.jpeg"
                },
                {
                    "name": "/posts/pseudopost-8/images/afis.jpeg"
                },
                {
                    "name": "/posts/pseudopost-8/images/bigben.jpeg"
                },
                {
                    "name": "/posts/pseudopost-8/images/chinezesc.jpeg"
                },
                {
                    "name": "/posts/pseudopost-8/images/coloane.jpeg"
                },
                {
                    "name": "/posts/pseudopost-8/images/luton.jpeg"
                },
                {
                    "name": "/posts/pseudopost-8/images/metro.jpeg"
                },
                {
                    "name": "/posts/pseudopost-8/images/min.jpeg"
                },
                {
                    "name": "/posts/pseudopost-8/images/music.gif"
                },
                {
                    "name": "/posts/pseudopost-8/images/nice.jpeg"
                },
                {
                    "name": "/posts/pseudopost-8/images/prop1.jpeg"
                },
                {
                    "name": "/posts/pseudopost-8/images/statue.jpeg"
                },
                {
                    "name": "/posts/pseudopost-8/images/trafalgar.jpeg"
                }
            ],
            "name": "https://blog.pseudot.org/posts/pseudopost-8/pseudopost-8.html"
        },
        {
            "children": [
                {
                    "name": "/posts/vaslui/posts%20materials/administrativa.jpg"
                },
                {
                    "name": "/posts/vaslui/posts%20materials/copacicopou.jpg"
                },
                {
                    "name": "/posts/vaslui/posts%20materials/fwtyfresh.jpg"
                },
                {
                    "name": "/posts/vaslui/posts%20materials/meme1.jpg"
                },
                {
                    "name": "/posts/vaslui/posts%20materials/meme2.jpg"
                },
                {
                    "name": "/posts/vaslui/posts%20materials/nostalgiamagazine.jpg"
                },
                {
                    "name": "/posts/vaslui/posts%20materials/palatcopii.jpg"
                },
                {
                    "name": "/posts/vaslui/posts%20materials/redactie.jpg"
                },
                {
                    "name": "/posts/vaslui/posts%20materials/starc.jpg"
                },
                {
                    "name": "/posts/vaslui/posts%20materials/tdv.jpg"
                },
                {
                    "name": "/posts/vaslui/posts%20materials/vederecringe.jpg"
                },
                {
                    "name": "/posts/vaslui/posts%20materials/vedereetien.jpg"
                },
                {
                    "name": "/posts/vaslui/style.css"
                }
            ],
            "name": "https://blog.pseudot.org/posts/vaslui/vaslui.html"
        }
    ],
    "name": "/"
}